fraction,n_train,best_val_acc,final_val_acc
0.25,34,0.5588235294117647,0.5294117647058824
0.5,68,0.4411764705882353,0.4411764705882353
0.75,102,0.6176470588235294,0.5588235294117647
1.0,136,0.6470588235294118,0.6176470588235294
