,mean_when_wrong,mean_when_correct,delta
brightness,0.5729370405832788,0.5799766663858004,0.0070396258025215985
contrast,0.07160134656660061,0.06785285896881432,-0.0037484875977862875
symmetry,0.9452193874708975,0.9495381969752187,0.004318809504321175
edge_density,0.10825485201182747,0.09830444454567541,-0.009950407466152056
fragmentation,10.875113428020228,9.6592038437194,-1.215909584300828
vacuole_count,0.022727272727272728,0.031746031746031744,0.009018759018759016
gradcam_centrality,0.5109603526917371,0.5209709146902675,0.010010561998530343
